AvgOvRank,Player,Tm,FantPos,2023Age,2023G,2023GS,2023Cmp,2023Att,PassYds,2023PassTD,2023Int,2023RushAtt,2023RushYds,2023RushTD,2023Tgt,2023Rec,2023RecYds,2023RecTD,2023FL,2023TD,2023PPR,2023PosRank,2023OvRank,2024Age,2024G,2024GS,2024Cmp,2024Att,2024PassYds,2024PassTD,2024Int,2024RushAtt,2024RushYds,2024RushTD,2024Rec,2024RecYds,2024RecTD,2024FL,2024TD,2024PPR,AVGPPR,2024PosRank,AvgOvRank
1,Josh Allen,BUF,QB,27,17,17,385,579,4306,29,18,111,524,15,0,0,0,0,4,15,392.6,1,2,28,17,17,368,565,"4,060",28,14,109,559,9,0,0,0,4,37,360,377,1,1
2,Christian McCaffrey,SFO,RB,27,16,16,0,0,0,0,0,272,1459,14,83,67,564,7,2,21,391.3,1,3,28,17,17,0,0,0,0,0,273,"1,290",12,70,568,5,2,16,351,371,1,2
3,CeeDee Lamb,DAL,WR,24,17,17,0,0,0,0,0,14,113,2,181,135,1749,12,2,14,403.2,1,1,25,17,17,0,0,0,0,0,10,68,1,116,"1,488",10,1,11,333,368,1,3
4,Jalen Hurts,PHI,QB,25,17,17,352,538,3858,23,15,157,605,15,0,0,0,0,5,15,356.8,2,5,26,17,17,340,520,"3,810",24,12,145,624,11,0,0,0,4,36,360,359,2,4
5,Tyreek Hill,MIA,WR,29,16,16,0,0,0,0,0,6,15,0,171,119,1799,13,1,13,376.4,2,4,30,17,17,0,0,0,0,0,5,31,0,110,"1,542",10,1,10,325,351,2,5
6,Lamar Jackson,BAL,QB,26,16,16,307,457,3678,24,7,148,821,5,0,0,0,0,6,5,331.2,4,7,27,17,17,304,464,"3,567",25,11,146,836,5,0,0,0,4,30,339,335,3,6
7,Dak Prescott,DAL,QB,30,17,17,410,590,4516,36,9,55,242,2,0,0,0,0,2,2,342.8,3,6,31,17,17,386,574,"4,192",31,12,52,221,2,0,0,0,3,33,308,325,6,7
8,Amon-Ra St. Brown,DET,WR,24,16,16,0,0,0,0,0,4,24,0,164,119,1515,10,1,10,330.9,3,8,25,17,17,0,0,0,0,0,5,31,1,111,"1,354",8,1,9,297,314,3,8
9,Patrick Mahomes II,KAN,QB,28,16,16,401,597,4183,27,14,75,389,0,0,0,0,0,3,0,280.2,8,18,29,17,17,392,585,"4,371",33,11,72,376,2,0,0,0,3,35,337,308,4,9
10,Jordan Love,GNB,QB,25,17,17,372,579,4159,32,11,50,247,4,0,0,0,0,3,4,319.1,5,9,26,17,17,355,546,"3,989",29,12,46,200,2,0,0,0,3,32,294,307,10,10
11,Joe Burrow,CIN,QB,27,10,10,244,365,2309,15,6,31,88,0,0,0,0,0,1,0,147.2,25,119,28,17,17,389,581,"4,242",30,12,57,191,2,0,0,0,3,32,305,305,8,11
12,Kyler Murray,ARI,QB,26,8,8,176,268,1799,10,5,44,244,3,0,0,0,0,0,3,146.4,26,120,27,17,17,354,530,"3,706",22,12,96,531,5,0,0,0,3,27,302,302,9,12
13,Breece Hall,NYJ,RB,22,17,16,0,0,0,0,0,223,994,5,95,76,591,4,0,9,290.5,2,12,23,17,17,0,0,0,0,0,249,"1,129",8,67,529,4,1,12,301,296,2,13
14,Brock Purdy,SFO,QB,24,16,16,308,444,4280,31,11,39,144,2,0,0,0,0,2,2,295.6,6,11,25,17,17,336,498,"4,076",30,11,44,160,2,0,0,0,3,32,293,294,11,14
15,C.J. Stroud,HOU,QB,22,15,15,319,499,4108,23,5,39,167,3,1,1,0,0,4,3,276,9,20,23,17,17,363,557,"4,336",29,10,44,184,2,0,0,0,4,32,306,291,7,15
16,Jayden Daniels,WAS,QB,22,0,0,0,0,0,0,0,0,0,0,0,0,0,0,0,0,0,0,0,23,17,17,340,545,"3,583",20,14,114,592,5,0,0,0,4,25,290,290,12,16
17,Caleb Williams,CHI,QB,21,0,0,0,0,0,0,0,0,0,0,0,0,0,0,0,0,0,0,0,22,17,17,346,532,"3,781",25,13,78,361,3,0,0,0,4,29,286,286,13,17
18,Puka Nacua,LAR,WR,22,17,17,0,0,0,0,0,12,89,0,160,105,1486,6,0,6,298.5,4,10,23,17,17,0,0,0,0,0,9,55,0,95,"1,297",7,1,7,273,286,7,18
19,Jared Goff,DET,QB,29,17,17,407,605,4575,30,12,32,21,2,0,0,0,0,4,2,289.1,7,14,30,17,17,384,569,"4,231",28,11,25,56,1,0,0,0,3,29,277,283,17,19
20,A.J. Brown,PHI,WR,26,17,17,0,0,0,0,0,0,0,0,158,106,1456,7,2,7,289.6,5,13,27,17,17,0,0,0,0,0,0,1,0,94,"1,329",8,1,8,274,282,6,20
21,Ja'Marr Chase,CIN,WR,23,16,16,1,1,-7,0,0,3,-6,0,145,100,1216,7,0,7,262.7,11,28,24,17,17,0,0,0,0,0,3,13,0,107,"1,358",9,1,9,297,280,4,21
22,Anthony Richardson,IND,QB,21,4,4,50,84,577,3,1,25,136,4,0,0,0,0,1,4,72.7,38,216,22,17,17,326,512,"3,504",20,11,128,646,8,0,0,0,5,28,310,280,5,22
23,Trevor Lawrence,JAX,QB,24,16,16,370,564,4016,21,14,70,339,4,0,0,0,0,7,4,262.5,12,29,25,17,17,373,566,"3,984",24,13,66,306,4,0,0,0,5,28,286,274,14,23
24,Tua Tagovailoa,MIA,QB,25,17,17,388,560,4624,29,14,35,74,0,0,0,0,0,5,0,270.4,11,23,26,17,17,371,545,"4,270",27,13,32,89,1,0,0,0,4,28,273,271,18,24
25,Bijan Robinson,ATL,RB,21,17,16,0,0,0,0,0,214,976,4,86,58,487,4,3,8,246.3,9,37,22,17,17,0,0,0,0,0,244,"1,113",7,66,535,4,2,12,296,271,3,25
26,Baker Mayfield,TAM,QB,28,17,17,364,566,4044,28,10,62,163,1,0,0,0,0,3,1,274.1,10,21,29,17,17,355,562,"3,941",26,12,52,171,2,0,0,0,3,27,268,271,20,26
27,Travis Etienne Jr.,JAC,RB,24,17,17,0,0,0,0,0,267,1008,11,73,58,476,1,0,12,282.4,3,17,34,17,17,0,0,0,0,0,250,"1,025",8,46,358,1,1,9,238,260,9,27
28,Mike Evans,TAM,WR,30,17,17,0,0,0,0,0,0,0,0,136,79,1255,13,0,13,282.5,7,16,31,17,17,0,0,0,0,0,0,1,0,76,"1,120",8,1,8,237,260,14,28
29,Jonathan Taylor,IND,RB,24,10,7,0,0,0,0,0,169,741,7,23,19,153,1,0,8,156.4,33,108,25,17,17,0,0,0,0,0,283,"1,270",10,37,279,2,1,12,259,259,5,29
30,Justin Herbert,LAC,QB,25,13,13,297,456,3134,20,7,52,228,3,1,1,10,0,1,3,234.2,17,43,26,17,17,356,544,"3,847",25,10,65,263,3,0,0,0,3,27,278,256,15,30
31,Davante Adams,LVR,WR,31,17,17,0,0,0,0,0,0,0,0,175,103,1144,8,0,8,265.4,10,27,32,17,17,0,0,0,0,0,0,1,0,93,"1,130",7,1,7,244,255,11,31
32,Matthew Stafford,LAR,QB,35,15,15,326,521,3965,24,11,21,65,0,0,0,0,0,0,0,243.1,15,39,36,17,17,355,553,"4,126",27,13,23,66,1,0,0,0,2,27,266,254,21,32
33,D.J. Moore,CHI,WR,26,17,17,0,0,0,0,0,4,21,1,136,96,1364,8,1,9,286.5,6,15,27,17,17,0,0,0,0,0,2,15,0,76,"1,037",7,1,7,222,254,23,33
34,Rachaad White,TAM,RB,24,17,17,0,0,0,0,0,272,990,6,70,64,549,3,2,9,267.9,4,24,25,17,17,0,0,0,0,0,239,925,7,54,403,2,2,9,237,252,10,34
35,Kyren Williams,LAR,RB,23,12,11,0,0,0,0,0,228,1144,12,48,32,206,3,2,15,255,7,33,24,17,17,0,0,0,0,0,255,"1,148",10,36,259,2,2,12,246,251,7,35
36,Stefon Diggs,BUF,WR,30,17,17,0,0,0,0,0,1,5,0,160,107,1183,8,1,8,273.8,9,22,31,17,17,0,0,0,0,0,2,9,0,85,"1,029",7,1,7,227,250,22,36
37,Nico Collins,HOU,WR,24,15,10,0,0,0,0,0,1,7,0,109,80,1297,8,0,8,260.4,12,30,25,17,17,0,0,0,0,0,1,9,0,78,"1,149",7,1,7,238,249,13,37
38,Will Levis,TEN,QB,24,9,9,149,255,1808,8,4,25,57,1,0,0,0,0,4,1,102,32,171,25,17,17,322,513,"3,715",22,13,54,186,2,0,0,0,4,24,248,248,23,38
39,Justin Jefferson,MIN,WR,24,10,9,0,1,0,0,0,1,-12,0,100,68,1074,5,1,5,202.2,33,74,25,17,17,0,0,0,0,0,1,4,0,105,"1,441",7,1,7,292,247,5,39
40,Daniel Jones,NYG,QB,26,6,6,108,160,909,2,6,40,206,1,0,0,0,0,1,1,57,44,252,27,17,17,323,494,"3,225",17,11,95,469,4,0,0,0,4,20,246,246,24,40
41,Joe Mixon,CIN,RB,27,17,17,0,0,0,0,0,257,1034,9,64,52,376,3,0,12,267,6,26,28,17,17,0,0,0,0,0,247,969,8,40,304,2,1,10,224,246,16,41
42,Jahmyr Gibbs,DET,RB,21,15,3,0,0,0,0,0,182,945,10,71,52,316,1,1,11,242.1,10,40,22,17,17,0,0,0,0,0,203,941,8,55,390,2,1,11,249,245,6,42
43,Saquon Barkley,NYG,RB,26,14,14,0,0,0,0,0,247,962,6,60,41,280,4,2,10,223.2,13,56,27,17,17,0,0,0,0,0,269,"1,138",9,48,347,3,2,12,266,245,4,43
44,Marvin Harrison Jr.,ARI,WR,21,0,0,0,0,0,0,0,0,0,0,0,0,0,0,0,0,0,0,0,22,17,17,0,0,0,0,0,1,4,0,88,"1,178",7,2,7,244,244,10,44
45,Geno Smith,SEA,QB,33,15,15,323,499,3624,20,9,37,155,1,1,1,-2,0,3,1,227.3,19,52,34,17,17,343,523,"3,755",24,12,51,204,2,0,0,0,3,26,259,243,22,45
46,Derek Carr,NOR,QB,32,17,17,375,548,3878,25,8,32,40,0,0,0,0,0,3,0,241.1,16,41,33,17,17,364,545,"3,844",25,11,25,71,1,0,0,0,3,25,245,243,25,46
47,Michael Pittman Jr.,IND,WR,26,16,15,0,0,0,0,0,0,0,0,156,109,1152,4,1,4,250.2,13,34,27,17,17,0,0,0,0,0,0,3,0,97,"1,062",5,1,5,231,241,17,47
48,Derrick Henry,TEN,RB,29,17,17,2,3,14,2,0,280,1167,12,36,28,214,0,0,12,246.7,8,36,30,17,17,0,0,0,0,0,267,"1,194",11,24,196,1,1,12,234,240,13,48
49,Chris Olave,NOR,WR,23,16,11,0,0,0,0,0,0,0,0,138,87,1123,5,0,5,231.3,16,46,24,17,17,0,0,0,0,0,0,1,0,90,"1,205",7,1,7,248,240,9,49
50,Keenan Allen,LAC,WR,31,13,13,1,2,49,1,0,2,6,0,150,108,1243,7,1,7,278.9,8,19,32,17,17,0,0,0,0,0,1,6,0,79,890,6,1,6,201,240,35,50
51,Brandon Aiyuk,SFO,WR,25,16,16,0,0,0,0,0,0,0,0,105,75,1342,7,1,7,249.2,14,35,26,17,17,0,0,0,0,0,1,4,0,74,"1,117",7,1,7,227,238,21,51
52,Garrett Wilson,NYJ,WR,23,17,17,0,1,0,0,0,4,0,0,168,95,1042,3,2,3,213.2,26,64,24,17,17,0,0,0,0,0,4,19,0,95,"1,188",8,1,8,263,238,8,52
53,Russell Wilson,DEN,QB,35,15,15,297,447,3070,26,8,80,341,3,0,0,0,0,5,3,256.9,14,32,36,15,15,274,431,"2,942",18,9,64,299,2,0,0,0,4,20,218,237,27,53
54,Deebo Samuel,SFO,WR,27,15,15,0,1,0,0,0,37,225,5,89,60,892,7,0,12,243.7,15,38,28,17,17,0,0,0,0,0,34,199,0,67,926,6,1,6,231,237,18,54
55,Alvin Kamara,NOR,RB,28,13,12,0,0,0,0,0,180,694,5,86,75,466,1,0,6,233,11,44,29,17,17,0,0,0,0,0,203,798,5,68,481,2,1,8,239,236,8,55
56,James Cook,BUF,RB,24,17,13,0,0,0,0,0,237,1122,2,54,44,445,4,2,6,232.7,12,45,25,17,17,0,0,0,0,0,237,"1,053",5,45,384,3,1,8,234,234,12,56
57,DeVonta Smith,PHI,WR,25,16,16,0,0,0,0,0,0,0,0,112,81,1066,7,1,7,227.6,19,51,26,17,17,0,0,0,0,0,0,1,0,85,"1,082",7,1,7,234,231,16,57
58,Sam LaPorta,DET,TE,22,17,14,0,0,0,0,0,1,4,0,120,86,889,10,0,10,239.3,1,42,23,17,17,0,0,0,0,0,0,0,0,86,894,8,0,8,221,230,2,58
59,D.K. Metcalf,SEA,WR,26,16,16,0,0,0,0,0,0,0,0,119,66,1114,8,0,8,225.4,21,54,26,17,17,0,0,0,0,0,0,1,0,74,"1,069",8,1,8,228,227,20,59
60,Travis Kelce,KAN,TE,34,15,15,0,0,0,0,0,0,0,0,121,93,984,5,1,5,219.4,3,59,35,17,17,0,0,0,0,0,2,8,0,90,967,8,1,8,230,225,1,60
61,Isiah Pacheco,KAN,RB,24,14,13,0,0,0,0,0,205,935,7,49,44,244,2,1,9,213.9,15,63,25,17,17,0,0,0,0,0,239,"1,066",9,41,274,2,1,11,235,225,11,61
62,Raheem Mostert,MIA,RB,31,15,15,0,0,0,0,0,209,1012,18,32,25,175,3,1,21,267.7,5,25,32,17,17,0,0,0,0,0,169,804,9,25,176,1,1,10,180,224,27,62
63,Amari Cooper,CLE,WR,29,15,15,0,0,0,0,0,0,0,0,128,72,1250,5,1,5,227,20,53,30,17,17,0,0,0,0,0,0,1,0,73,"1,106",6,1,6,220,223,25,63
64,Malik Nabers,NYG,WR,20,0,0,0,0,0,0,0,0,0,0,0,0,0,0,0,0,0,0,0,21,17,17,0,0,0,0,0,1,5,0,81,"1,076",6,1,6,221,220,24,64
65,Calvin Ridley,JAX,WR,29,17,17,0,0,0,0,0,9,23,0,136,76,1016,8,0,8,229.9,18,50,30,17,17,0,0,0,0,0,3,15,0,70,964,7,1,7,209,219,33,65
66,Cooper Kupp,LAR,WR,30,12,12,0,0,0,0,0,1,-3,0,95,59,737,5,0,5,164.4,40,103,31,17,17,0,0,0,0,0,3,17,0,86,"1,060",7,1,7,236,218,15,66
67,Jaylen Waddle,MIA,WR,25,14,14,0,0,0,0,0,3,12,0,104,72,1014,4,0,4,198.6,34,80,26,17,17,0,0,0,0,0,4,21,0,81,"1,115",6,1,6,229,214,19,67
68,Zay Flowers,BAL,WR,23,16,16,0,0,0,0,0,8,56,1,108,77,858,5,0,6,206.4,31,71,24,17,17,0,0,0,0,0,7,46,1,79,965,6,1,7,219,213,26,68
69,Chris Godwin,TAM,WR,27,17,17,0,1,0,0,0,4,38,1,130,83,1024,2,0,3,209.2,28,67,28,17,17,0,0,0,0,0,3,21,0,83,988,5,1,6,216,213,28,69
70,George Pickens,PIT,WR,22,17,16,0,0,0,0,0,3,18,0,106,63,1140,5,0,5,208.8,30,69,23,17,17,0,0,0,0,0,3,17,0,71,"1,089",6,1,6,216,212,27,70
71,Rashee Rice,KAN,WR,23,16,8,0,0,0,0,0,1,-3,0,102,79,938,7,1,7,212.5,27,65,24,17,17,0,0,0,0,0,2,7,0,78,926,7,1,7,212,212,31,71
72,De'Von Achane,MIA,RB,22,11,4,0,0,0,0,0,103,800,8,37,27,197,3,1,11,190.7,24,85,23,17,17,0,0,0,0,0,175,907,7,46,348,3,1,10,230,210,14,72
73,Evan Engram,JAX,TE,29,17,15,0,0,0,0,0,0,0,0,143,114,963,4,2,4,230.3,2,48,30,17,17,0,0,0,0,0,0,0,0,85,787,4,1,4,188,209,7,73
74,Kirk Cousins,MIN,QB,35,8,8,216,311,2331,18,5,14,25,0,0,0,0,0,4,0,149.7,24,118,36,17,17,350,533,"4,017",27,11,34,100,1,0,0,0,5,29,268,209,19,74
75,Drake London,ATL,WR,22,16,16,1,1,22,0,0,0,0,0,110,69,905,2,0,2,174.4,36,97,23,17,17,0,0,0,0,0,0,2,0,88,"1,146",7,1,7,243,209,12,75
76,Terry McLaurin,WAS,WR,28,17,17,0,0,0,0,0,0,0,0,132,79,1002,4,0,5,209.2,29,68,29,17,17,0,0,0,0,0,0,2,0,77,"1,021",5,1,5,206,208,34,76
77,Tank Dell,HOU,WR,24,11,8,0,0,0,0,0,11,51,0,75,47,709,7,0,7,165,39,102,25,17,17,0,0,0,0,0,11,62,0,69,943,7,1,7,211,206,32,77
78,Jayden Reed,GNB,WR,23,16,13,0,0,0,0,0,11,119,2,94,64,793,8,0,10,217.2,25,62,24,17,17,0,0,0,0,0,9,73,1,64,797,6,1,7,192,205,37,78
79,Kenneth Walker III,SEA,RB,23,15,15,0,0,0,0,0,219,905,8,37,29,259,1,0,9,199.4,19,78,24,17,17,0,0,0,0,0,240,"1,004",9,29,225,1,1,10,210,205,17,79
80,DeAndre Hopkins,TEN,WR,31,17,16,0,1,0,0,0,2,9,0,137,75,1057,7,0,7,223.6,22,55,32,17,17,0,0,0,0,0,0,3,0,65,861,6,1,6,185,204,38,80
81,Josh Jacobs,LVR,RB,25,13,13,0,0,0,0,0,233,805,6,54,37,296,0,1,6,181.1,28,92,26,17,17,0,0,0,0,0,250,"1,035",8,39,293,1,1,9,225,203,15,81
82,Jordan Addison,MIN,WR,21,17,14,0,0,0,0,0,1,2,0,108,70,911,10,0,10,221.3,23,58,22,17,17,0,0,0,0,0,0,4,0,64,827,6,1,6,180,201,40,82
83,Mark Andrews,BAL,TE,28,10,9,0,0,0,0,0,1,0,0,61,45,544,6,0,6,135.4,15,130,29,17,17,0,0,0,0,0,0,0,0,72,870,8,1,8,205,200,3,83
84,Tony Pollard,DAL,RB,26,17,17,0,0,0,0,0,252,1005,6,67,55,311,0,1,6,222.6,14,57,27,17,17,0,0,0,0,0,190,822,6,34,234,1,1,6,176,199,28,84
85,David Montgomery,DET,RB,26,14,14,0,0,0,0,0,219,1015,13,24,16,117,0,1,13,207.2,17,70,27,17,17,0,0,0,0,0,203,893,10,22,168,1,1,11,190,199,21,85
86,Adam Thielen,CAR,WR,33,17,17,0,0,0,0,0,1,6,0,137,103,1014,4,0,4,231,17,47,34,17,17,0,0,0,0,0,0,3,0,69,696,5,1,5,165,198,54,86
87,George Kittle,SFO,TE,30,16,16,0,0,0,0,0,1,2,0,90,65,1020,6,0,6,203.2,5,72,30,17,17,0,0,0,0,0,0,3,0,65,881,6,0,6,189,196,6,87
88,James Conner,ARI,RB,28,13,13,0,0,0,0,0,208,1040,7,33,27,165,2,0,9,201.5,18,75,29,17,17,0,0,0,0,0,202,884,7,33,223,1,1,8,190,196,22,88
89,Jakobi Meyers,LVR,WR,27,16,16,2,3,12,1,0,4,24,2,106,71,807,8,0,10,218.6,24,61,28,17,17,0,0,0,0,0,2,16,0,65,729,5,1,5,168,193,51,89
90,Trey McBride,ARI,TE,24,17,12,0,0,0,0,0,0,0,0,106,81,825,3,0,3,181.5,7,90,25,17,17,0,0,0,0,0,0,0,0,86,882,5,1,5,204,193,4,90
91,Najee Harris,PIT,RB,25,17,17,0,0,0,0,0,255,1035,8,38,29,170,0,1,8,195.5,23,84,26,17,17,0,0,0,0,0,241,962,7,29,183,1,1,8,189,192,23,91
92,Bryce Young,CAR,QB,22,16,16,315,527,2877,11,10,39,253,0,0,0,0,0,6,0,156.4,23,109,23,17,17,333,531,"3,450",19,12,43,237,1,0,0,0,4,20,227,192,26,92
93,D'Andre Swift,PHI,RB,24,16,15,0,0,0,0,0,229,1049,5,49,39,214,1,1,6,199.3,20,79,25,17,17,0,0,0,0,0,178,810,5,36,249,2,1,7,181,190,25,93
94,David Njoku,CLE,TE,27,16,16,0,0,0,0,0,0,0,0,123,81,882,6,2,6,201.2,6,76,28,17,17,0,0,0,0,0,0,0,0,70,772,5,1,5,177,189,10,94
95,Gardner Minshew II,IND,QB,27,17,13,305,490,3305,15,9,34,100,3,0,0,0,0,5,3,196.2,21,83,28,12,12,260,414,"2,780",16,10,34,122,2,0,0,0,3,18,182,189,28,95
96,Jaylen Warren,PIT,RB,25,17,0,0,0,0,0,0,149,784,4,74,61,370,0,2,4,196.4,22,82,26,17,17,0,0,0,0,0,142,684,4,48,330,2,1,6,181,189,24,96
97,Tyler Lockett,SEA,WR,31,17,17,0,0,0,0,0,0,0,0,122,79,894,5,0,5,202.4,32,73,32,17,17,0,0,0,0,0,0,1,0,66,757,5,1,5,171,187,48,97
98,Courtland Sutton,DEN,WR,28,16,14,0,0,0,0,0,0,0,0,90,59,772,10,3,10,190.2,35,86,29,17,17,0,0,0,0,0,0,1,0,64,821,6,1,6,178,184,41,98
99,Brian Robinson Jr.,WAS,RB,24,15,15,0,0,0,0,0,178,733,5,43,36,368,4,2,9,198.1,21,81,25,17,17,0,0,0,0,0,185,774,5,29,244,2,1,7,170,184,30,99
100,Deshaun Watson,CLE,QB,28,6,6,105,171,1115,7,4,26,142,1,0,0,0,0,2,1,86.8,36,195,29,17,17,335,545,"3,747",23,13,77,385,3,0,0,0,4,26,278,182,16,100
101,Christian Kirk,JAX,WR,27,12,12,1,2,-1,0,0,1,6,0,85,57,787,3,2,3,150.3,48,116,28,17,17,0,0,0,0,0,1,6,0,81,"1,009",5,1,5,212,181,30,101
102,Zamir White,LVR,RB,24,17,4,0,0,0,0,0,104,451,1,19,15,98,0,1,1,73.9,56,211,25,17,17,0,0,0,0,0,235,988,6,33,230,1,1,7,191,180,20,102
103,Drake Maye,NE,QB,20,0,0,0,0,0,0,0,0,0,0,0,0,0,0,0,0,0,0,0,21,12,12,231,365,"2,652",14,11,49,233,2,0,0,0,3,16,181,180,29,103
104,Javonte Williams,DEN,RB,23,16,13,0,0,0,0,0,217,774,3,58,47,228,2,1,5,179.2,29,93,24,17,17,0,0,0,0,0,198,814,5,40,242,2,1,6,181,180,26,104
105,T.J. Hockenson,MIN,TE,26,15,11,0,0,0,0,0,0,0,0,127,95,960,5,1,5,219,4,60,27,17,17,0,0,0,0,0,0,0,0,60,595,3,1,3,138,178,15,105
106,Jake Ferguson,DAL,TE,24,17,16,0,0,0,0,0,0,0,0,102,71,761,5,0,5,177.1,9,94,25,17,17,0,0,0,0,0,0,0,0,71,736,6,0,6,179,178,9,106
107,Austin Ekeler,LAC,RB,28,14,14,0,0,0,0,0,179,628,5,74,51,436,1,4,6,185.4,26,88,29,17,17,0,0,0,0,0,124,516,4,46,372,2,2,6,169,177,31,107
108,Jerome Ford,CLE,RB,24,17,12,0,0,0,0,0,204,813,4,63,44,319,5,1,9,211.2,16,66,25,17,12,0,0,0,0,0,148,581,4,31,218,2,1,5,142,176,37,108
109,Tee Higgins,CIN,WR,24,12,11,0,0,0,0,0,0,0,0,76,42,656,5,0,5,137.6,52,126,25,17,17,0,0,0,0,0,0,1,0,71,"1,013",7,1,7,215,176,29,109
110,Ladd McConkey,LAC,WR,21,0,0,0,0,0,0,0,0,0,0,0,0,0,0,0,0,0,0,0,22,17,17,0,0,0,0,0,1,7,0,66,822,5,1,5,177,176,42,110
111,Diontae Johnson,PIT,WR,27,13,11,0,0,0,0,0,0,0,0,87,51,717,5,0,5,152.7,46,112,28,17,17,0,0,0,0,0,1,7,0,73,906,6,1,6,197,175,36,111
112,Xavier Worthy,KC,WR,22,0,0,0,0,0,0,0,0,0,0,0,0,0,0,0,0,0,0,0,23,17,17,0,0,0,0,0,4,23,0,57,822,6,1,6,175,175,44,112
113,Brian Thomas Jr.,JAC,WR,20,0,0,0,0,0,0,0,0,0,0,0,0,0,0,0,0,0,0,0,21,17,17,0,0,0,0,0,1,6,0,63,832,5,1,5,175,175,45,113
114,Dalton Kincaid,BUF,TE,24,16,11,0,0,0,0,0,0,0,0,91,73,673,2,1,2,150.3,11,115,25,17,17,0,0,0,0,0,0,0,0,83,828,5,1,5,196,173,5,114
115,Rhamondre Stevenson,NWE,RB,25,12,12,0,0,0,0,0,156,619,4,51,38,238,0,1,4,145.7,35,121,26,17,17,0,0,0,0,0,213,884,6,42,286,1,1,7,196,171,19,115
116,Devin Singletary,HOU,RB,26,17,10,1,1,6,1,0,216,898,4,38,30,193,0,0,4,167.3,32,101,27,17,17,0,0,0,0,0,196,847,5,33,214,1,1,6,171,169,29,116
117,Aaron Jones,GNB,RB,29,11,11,0,0,0,0,0,142,656,2,43,30,233,1,1,3,134.9,37,131,30,17,17,0,0,0,0,0,186,858,5,43,317,2,1,7,203,169,18,117
118,Gus Edwards,BAL,RB,28,17,9,0,0,0,0,0,198,810,13,13,12,180,0,2,13,187,25,87,29,17,17,0,0,0,0,0,186,795,7,15,132,0,1,8,150,168,36,118
119,Zack Moss,IND,RB,26,14,8,0,0,0,0,0,183,794,5,37,27,192,2,0,7,169.6,31,100,27,17,17,0,0,0,0,0,169,734,6,29,199,1,1,7,164,167,33,119
120,Brandin Cooks,DAL,WR,30,16,15,0,0,0,0,0,5,35,0,81,54,657,8,0,8,173.2,38,99,31,17,17,0,0,0,0,0,3,21,0,56,688,6,1,6,160,167,57,120
121,Romeo Doubs,GNB,WR,23,17,16,0,0,0,0,0,0,0,0,96,59,674,8,0,8,174.4,37,98,24,17,17,0,0,0,0,0,0,2,0,56,687,6,1,6,157,166,59,121
122,Jaxon Smith-Njigba,SEA,WR,21,17,3,0,0,0,0,0,0,0,0,93,63,628,4,0,4,149.8,49,117,22,17,17,0,0,0,0,0,0,2,0,72,794,5,1,5,182,166,39,122
123,Ezekiel Elliott,NWE,RB,28,17,5,0,0,0,0,0,184,642,3,65,51,313,2,1,5,174.5,30,96,29,17,17,0,0,0,0,0,173,671,6,29,196,1,1,7,157,166,35,123
124,Curtis Samuel,WAS,WR,27,16,13,0,0,0,0,0,7,39,1,91,62,613,4,0,5,157.2,43,106,28,17,17,0,0,0,0,0,11,67,1,61,663,5,1,6,167,162,52,124
125,Kyle Pitts,ATL,TE,23,17,15,0,0,0,0,0,1,-4,0,90,53,667,3,0,3,137.3,13,128,24,17,17,0,0,0,0,0,0,0,0,68,876,5,0,5,185,161,8,125
126,Tyjae Spears,TEN,RB,22,17,1,0,0,0,0,0,100,453,2,70,52,385,1,0,3,153.8,34,111,23,17,17,0,0,0,0,0,143,624,4,43,337,2,1,5,169,161,32,126
127,Keon Coleman,BUF,WR,20,0,0,0,0,0,0,0,0,0,0,0,0,0,0,0,0,0,0,0,21,17,17,0,0,0,0,0,1,5,0,56,745,5,1,5,159,158,58,127
128,Gabe Davis,JAC,WR,24,17,17,0,0,0,0,0,0,0,0,81,45,746,7,1,7,161.4,41,104,25,17,17,0,0,0,0,0,0,1,0,50,734,5,1,5,154,158,61,128
129,Jerry Jeudy,DEN,WR,24,16,11,0,0,0,0,0,0,0,0,87,54,758,2,0,2,141.8,51,125,25,17,17,0,0,0,0,0,0,5,0,62,850,4,1,4,172,157,46,129
130,Brock Bowers,LV,TE,20,0,0,0,0,0,0,0,0,0,0,0,0,0,0,0,0,0,0,0,21,17,17,0,0,0,0,0,0,0,0,63,697,5,1,5,158,157,11,130
131,Marquise Brown,ARI,WR,26,14,14,0,0,0,0,0,2,23,0,101,51,574,4,0,4,134.7,53,132,27,17,17,0,0,0,0,0,2,14,0,58,770,6,0,6,172,153,47,131
132,Justin Fields,CHI,QB,24,13,13,227,370,2562,16,9,124,657,4,0,0,0,0,4,4,230.2,18,49,25,5,5,71,115,790,4,3,43,222,2,0,0,0,2,6,76,153,30,132
133,Rashid Shaheed,NOR,WR,25,15,8,0,0,0,0,0,7,37,0,75,46,719,5,1,6,155.6,45,110,25,17,17,0,0,0,0,0,4,33,0,50,728,4,1,4,150,153,62,133
134,Chuba Hubbard,CAR,RB,24,17,12,0,0,0,0,0,238,902,5,44,39,233,0,0,5,182.5,27,89,25,17,12,0,0,0,0,0,140,563,4,26,177,1,1,4,123,153,41,134
135,Cole Kmet,CHI,TE,24,17,17,0,0,0,0,0,3,2,0,90,73,719,6,0,6,181.1,8,91,25,17,17,0,0,0,0,0,0,0,0,50,495,4,0,4,124,152,17,135
136,Joshua Palmer,LAC,WR,23,17,17,0,0,0,0,0,0,0,0,61,38,581,2,1,2,106.7,67,165,24,17,17,0,0,0,0,0,0,3,0,62,786,5,1,5,168,149,50,136
137,Dalton Schultz,HOU,TE,27,15,8,0,0,0,0,0,0,0,0,88,59,635,5,1,5,150.5,10,114,28,17,17,0,0,0,0,0,0,0,0,57,611,5,1,5,146,148,13,137
138,Josh Downs,IND,WR,22,17,9,0,0,0,0,0,0,0,0,98,68,771,2,0,2,157.1,44,107,23,17,17,0,0,0,0,0,0,5,0,56,640,3,1,3,140,148,65,138
139,Dallas Goedert,PHI,TE,28,14,14,0,0,0,0,0,1,1,0,83,59,592,3,0,3,136.3,14,129,29,17,17,0,0,0,0,0,0,0,0,65,691,4,1,4,158,147,12,139
140,Sam Howell,WAS,QB,23,17,17,388,612,3946,21,21,48,263,5,1,1,4,0,2,5,257.5,13,31,24,2,0,47,73,496,3,2,8,39,0,0,0,0,1,4,35,146,32,140
141,Ja'Lynn Polk,NE,WR,22,0,0,0,0,0,0,0,0,0,0,0,0,0,0,0,0,0,0,0,23,17,17,0,0,0,0,0,1,6,0,57,702,3,1,3,146,145,64,141
142,Christian Watson,GNB,WR,24,9,9,0,0,0,0,0,4,11,0,53,28,422,5,0,5,101.3,70,173,25,17,17,0,0,0,0,0,4,24,0,53,776,7,1,7,176,138,43,142
143,Khalil Shakir,BUF,WR,23,17,10,0,0,0,0,0,1,10,0,45,39,611,2,0,2,113.1,62,155,24,17,17,0,0,0,0,0,0,4,0,59,769,5,0,5,164,138,55,143
144,Josh Palmer,LAC,WR,24,10,6,0,0,0,0,0,1,6,0,61,38,581,2,1,2,106.7,66,164,25,17,17,0,0,0,0,0,0,0,0,62,786,5,1,5,168,137,49,144
145,Wan'Dale Robinson,NYG,WR,22,15,8,0,0,0,0,0,9,87,1,78,60,525,1,0,2,133.2,54,133,23,17,17,0,0,0,0,0,8,58,1,59,550,3,1,3,137,135,66,145
146,Adonai Mitchell,IND,WR,20,0,0,0,0,0,0,0,0,0,0,0,0,0,0,0,0,0,0,0,21,17,17,0,0,0,0,0,1,5,0,48,653,4,1,4,135,134,67,146
147,Darius Slayton,NYG,WR,26,17,13,0,0,0,0,0,0,0,0,79,50,770,4,0,4,151,47,113,27,17,17,0,0,0,0,0,0,1,0,40,569,3,0,3,115,133,75,147
148,Demario Douglas,NWE,WR,23,14,7,0,0,0,0,0,8,41,0,79,49,561,0,1,0,107.2,65,163,24,17,17,0,0,0,0,0,8,44,0,61,737,3,1,3,157,132,60,148
149,Tyler Allgeier,ATL,RB,23,17,3,0,0,0,0,0,186,683,4,23,18,193,1,0,5,137.6,36,127,24,17,12,0,0,0,0,0,134,555,4,21,169,1,1,5,122,130,42,149
150,Antonio Gibson,WAS,RB,25,16,2,0,0,0,0,0,65,265,1,59,48,389,2,2,3,127.4,39,137,26,17,12,0,0,0,0,0,116,442,2,38,285,1,1,4,129,128,38,150
151,Tyler Boyd,CIN,WR,29,17,13,0,1,0,0,1,2,11,0,98,67,667,2,0,2,144.8,50,122,30,17,17,0,0,0,0,0,1,8,0,46,498,2,1,2,110,128,78,151
152,Dontayvion Wicks,GNB,WR,22,15,6,1,1,14,0,0,1,1,0,58,39,581,4,1,4,119.8,59,147,23,17,17,0,0,0,0,0,0,4,0,46,610,5,1,5,134,127,69,152
153,Taysom Hill,NOR,TE,33,16,7,6,11,83,1,0,81,401,4,40,33,291,2,1,6,143.5,12,124,34,17,17,4,5,38,0,0,38,267,3,28,262,2,0,5,109,126,23,153
154,Tyler Conklin,NYJ,TE,28,17,12,0,0,0,0,0,1,0,0,87,61,621,0,0,0,123.1,18,142,29,17,17,0,0,0,0,0,0,0,0,54,539,3,0,3,128,126,16,154
155,Michael Wilson,ARI,WR,23,13,12,0,0,0,0,0,0,0,0,58,38,565,3,0,3,114.5,61,152,24,17,17,0,0,0,0,0,0,1,0,49,641,4,0,4,135,125,68,155
156,Jameson Williams,DET,WR,22,12,10,0,0,0,0,0,3,29,1,42,24,354,2,0,3,80.3,84,201,23,17,17,0,0,0,0,0,5,42,1,54,759,5,1,5,165,123,53,156
157,Hunter Henry,NWE,TE,29,14,10,0,0,0,0,0,0,0,0,61,42,419,6,0,6,119.9,19,145,29,17,17,0,0,0,0,0,0,0,0,48,494,4,0,4,122,121,18,157
158,DJ Chark,CAR,WR,27,15,11,0,0,0,0,0,0,0,0,66,35,525,5,1,5,115.5,60,151,28,17,17,0,0,0,0,0,0,0,0,38,554,5,1,5,121,118,73,158
159,Cade Otton,TAM,TE,24,17,17,0,0,0,0,0,0,0,0,67,47,455,4,1,4,116.5,20,150,25,17,17,0,0,0,0,0,0,0,0,49,489,4,0,4,120,118,19,159
160,Zach Charbonnet,SEA,RB,22,16,2,0,0,0,0,0,108,462,1,40,33,209,0,0,1,106.1,45,167,23,17,12,0,0,0,0,0,115,499,3,33,222,1,1,4,126,116,39,160
161,Tim Patrick,DEN,WR,23,0,0,0,0,0,0,0,0,0,0,0,0,0,0,0,0,0,0,0,24,17,17,0,0,0,0,0,0,2,0,41,529,4,0,4,117,116,74,161
162,Blake Corum,LAR,RB,22,0,0,0,0,0,0,0,0,0,0,0,0,0,0,0,0,0,0,0,23,17,12,0,0,0,0,0,131,549,4,19,150,1,2,5,116,115,44,162
163,Chigoziem Okonkwo,TEN,TE,24,17,11,0,0,0,0,0,2,6,0,77,54,528,1,0,1,113.4,21,153,25,17,17,0,0,0,0,0,0,2,0,48,514,3,0,3,115,114,21,163
164,Malachi Corley,NYJ,WR,21,0,0,0,0,0,0,0,0,0,0,0,0,0,0,0,0,0,0,0,22,17,17,0,0,0,0,0,4,30,0,43,483,3,0,4,114,114,76,164
165,Elijah Moore,CLE,WR,23,17,12,0,0,0,0,0,9,11,0,104,59,640,2,2,2,132.1,55,135,24,17,17,0,0,0,0,0,0,0,0,37,426.1,2.5,0,3,95.3,114,83,165
166,Darnell Mooney,CHI,WR,26,15,14,0,0,0,0,0,2,5,0,61,31,414,1,0,1,78.9,85,205,27,17,17,0,0,0,0,0,2,12,0,51,707,4,0,4,148,113,63,166
167,Kendrick Bourne,NWE,WR,28,8,5,0,0,0,0,0,1,4,0,55,37,406,4,1,4,100,71,177,29,17,17,0,0,0,0,0,2,16,0,47,563,4,1,4,125,112,72,167
168,Ty Chandler,MIN,RB,25,17,4,0,0,0,0,0,102,461,3,25,21,159,0,0,3,101,48,175,26,17,12,0,0,0,0,0,146,596,4,21,152,1,1,5,123,112,40,168
169,Trey Benson,ARI,RB,23,0,0,0,0,0,0,0,0,0,0,0,0,0,0,0,0,0,0,0,24,17,12,0,0,0,0,0,131,567,4,18,131,1,2,5,113,112,46,169
170,Khalil Herbert,CHI,RB,25,12,9,0,0,0,0,0,132,611,2,31,20,134,1,1,3,112.5,43,156,26,17,12,0,0,0,0,0,148,597,3,17,115,1,1,4,112,112,47,170
171,Josh Reynolds,DET,WR,28,17,13,0,0,0,0,0,0,0,0,64,40,608,5,1,5,128.8,56,136,29,17,17,0,0,0,0,0,0,0,0,33.1,428.4,2.9,0,3,92.5,111,85,171
172,Pat Freiermuth,PIT,TE,25,12,9,0,0,0,0,0,0,0,0,47,32,308,2,0,2,76.8,30,208,26,17,17,0,0,0,0,0,0,0,0,58,606,4,1,4,144,110,14,172
173,Jalen McMillan,TB,WR,21,0,0,0,0,0,0,0,0,0,0,0,0,0,0,0,0,0,0,0,22,17,17,0,0,0,0,0,1,8,0,42,502,3,1,3,111,110,77,173
174,Jonnu Smith,ATL,TE,28,17,6,0,1,0,0,0,1,0,0,70,50,582,3,1,3,124.2,17,141,29,17,17,0,0,0,0,0,0,0,0,38,416,3,0,3,96,110,26,174
175,Jaleel McLaughlin,DEN,RB,23,17,3,0,0,0,0,0,76,410,1,36,31,160,2,0,3,106,46,168,24,17,12,0,0,0,0,0,98,472,3,28,184,1,1,4,114,110,45,175
176,Alexander Mattison,MIN,RB,25,16,13,0,0,0,0,0,180,700,0,44,30,192,3,2,3,133.2,38,134,26,17,12,0,0,0,0,0,114,421,3,15,97,1,1,4,86,110,50,176
177,Demarcus Robinson,LAR,WR,29,16,4,0,0,0,0,0,1,23,0,39,26,371,4,1,4,87.4,81,193,30,17,17,0,0,0,0,0,0,8,0,46,593,4,1,4,132,109,70,177
178,Jahan Dotson,WAS,WR,23,17,16,0,0,0,0,0,0,0,0,83,49,518,4,0,4,124.8,57,140,24,17,17,0,0,0,0,0,0,2,0,35,426,3,1,3,93,109,84,178
179,Chase Brown,CIN,RB,23,12,0,0,0,0,0,0,44,179,0,15,14,156,1,0,1,53.5,63,257,24,17,17,0,0,0,0,0,141,613,4,37,305,2,1,6,163,108,34,179
180,Odell Beckham Jr.,BAL,WR,31,14,6,0,0,0,0,0,0,0,0,64,35,565,3,1,3,107.5,64,162,32,17,17,0,0,0,0,0,0,2,0,37,510,4,0,4,109,108,79,180
181,Rico Dowdle,DAL,RB,25,16,0,0,0,0,0,0,89,361,2,22,17,144,2,0,4,91.5,50,186,26,17,12,0,0,0,0,0,138,539,4,23,174,1,0,5,122,107,43,181
182,Mike Williams,LAC,WR,29,3,3,0,0,0,0,0,1,3,0,26,19,249,1,0,1,50.2,113,266,30,17,17,0,0,0,0,0,2,9,0,56,753,5,1,5,161,106,56,182
183,Ricky Pearsall,SF,WR,22,0,0,0,0,0,0,0,0,0,0,0,0,0,0,0,0,0,0,0,23,17,17,0,0,0,0,0,2,15,0,37,477,4,1,4,106,105,82,183
184,Juwan Johnson,NOR,TE,27,13,11,0,0,0,0,0,0,0,0,59,37,368,4,0,4,97.8,26,178,28,17,17,0,0,0,0,0,0,0,0,40,441,4,0,4,109,104,24,184
185,Rashod Bateman,BAL,WR,24,16,12,0,0,0,0,0,1,18,0,56,32,367,1,0,1,76.5,87,209,25,17,17,0,0,0,0,0,0,5,0,46,605,4,0,4,128,102,71,185
186,Quentin Johnston,LAC,WR,22,17,10,0,0,0,0,0,3,9,0,67,38,431,2,0,2,94,76,184,23,17,17,0,0,0,0,0,2,7,0,39,489,3,0,3,107,101,80,186
187,Aidan O'Connell,LVR,QB,25,11,10,213,343,2218,12,7,17,11,1,0,0,0,0,2,1,125.8,28,139,26,5,5,128,203,"1,244",6,5,18,37,0,0,0,0,1,7,75,100,31,187
188,Isaiah Likely,BAL,TE,23,17,8,0,0,0,0,0,0,0,0,40,30,411,5,0,5,101.1,25,174,24,17,17,0,0,0,0,0,0,0,0,34,412,4,0,4,99,100,25,188
189,Luke Musgrave,GNB,TE,23,11,9,0,0,0,0,0,0,0,0,46,34,352,1,0,1,75.2,31,210,24,17,17,0,0,0,0,0,0,0,0,47,489,3,0,3,116,96,20,189
190,Gerald Everett,LAC,TE,29,15,12,0,0,0,0,0,3,10,0,70,51,411,3,0,3,111.1,23,158,30,17,17,0,0,0,0,0,0,0,0,33,306,3,0,3,79,95,31,190
191,Tyler Higbee,LAR,TE,30,15,15,0,0,0,0,0,0,0,0,70,47,495,2,0,2,108.5,24,161,31,17,17,0,0,0,0,0,0,0,0,34,348,2,0,2,81,95,30,191
192,MarShawn Lloyd,GB,RB,22,0,0,0,0,0,0,0,0,0,0,0,0,0,0,0,0,0,0,0,23,17,12,0,0,0,0,0,102,405,3,16,131,1,1,4,93,93,48,192
193,Noah Fant,SEA,TE,26,17,17,0,0,0,0,0,0,0,0,43,32,414,0,0,0,73.4,32,212,27,17,17,0,0,0,0,0,0,0,0,46,490,3,0,3,111,92,22,193
194,Samaje Perine,DEN,RB,28,17,1,0,0,0,0,0,53,238,1,56,50,455,0,2,1,121.3,40,143,29,13,12,0,0,0,0,0,42,181,1,20,156,1,1,2,62,92,64,194
195,Ben Sinnott,WAS,TE,21,0,0,0,0,0,0,0,0,0,0,0,0,0,0,0,0,0,0,0,22,17,17,0,0,0,0,0,0,0,0,37,378,3,0,3,89,88,28,195
196,AJ Dillon,GNB,RB,25,15,6,0,0,0,0,0,178,613,2,28,22,223,0,0,2,117.6,42,149,26,13,12,0,0,0,0,0,64,261,2,11,90,0,0,2,57,88,67,196
197,Ray Davis,BUF,RB,23,0,0,0,0,0,0,0,0,0,0,0,0,0,0,0,0,0,0,0,24,17,12,0,0,0,0,0,88,380,3,16,133,1,1,4,86,86,51,197
198,Marvin Mims Jr.,DEN,WR,21,16,7,0,0,0,0,0,9,30,0,33,22,377,1,2,2,70.7,91,221,22,17,17,0,0,0,0,0,4,22,0,39,502,3,0,3,107,86,81,198
199,Roschon Johnson,CHI,RB,22,15,0,0,0,0,0,0,81,352,2,40,34,209,0,0,2,102.1,47,170,23,17,12,0,0,0,0,0,68,265,2,17,115,0,1,2,68,85,59,199
200,Jake Browning,CIN,QB,27,9,7,171,243,1936,12,7,27,127,3,1,1,-7,0,0,3,144.4,27,123,28,1,0,33,51,330,2,1,6,24,0,0,0,0,0,3,25,85,36,200
201,K.J. Osborn,MIN,WR,26,16,12,0,0,0,0,0,0,0,0,75,48,540,3,0,3,120,58,144,27,17,17,0,0,0,0,0,0,0,0,18,223,1,0,1,49,85,91,201
202,Trey Palmer,TAM,WR,22,17,8,0,0,0,0,0,3,22,0,68,39,385,3,1,3,95.7,74,182,23,17,17,0,0,0,0,0,0,0,0,26.9,321.9,2,0,1,73.2,84,86,202
203,Justice Hill,BAL,RB,26,16,5,0,0,0,0,0,84,387,3,39,28,206,1,1,4,109.3,44,160,27,13,12,0,0,0,0,0,58,231,2,14,104,1,1,2,58,84,66,203
204,Tutu Atwell,LAR,WR,24,16,14,0,0,0,0,0,5,31,0,67,39,483,3,0,3,112.4,63,157,25,17,17,0,0,0,0,0,0,0,0,18.4,242.4,1.2,0,1,51.8,82,90,204
205,Alec Pierce,IND,WR,23,17,16,0,0,0,0,0,0,0,0,65,32,514,2,0,2,95.4,75,183,24,17,17,0,0,0,0,0,0,0,0,22.6,341.5,1.9,0,0,68.2,82,87,205
206,Tucker Kraft,GNB,TE,23,17,8,0,0,0,0,0,0,0,0,40,31,355,2,0,2,78.5,29,206,24,17,17,0,0,0,0,0,0,0,0,34,354,3,0,3,85,82,29,206
207,Nelson Agholor,BAL,WR,30,17,3,0,0,0,0,0,0,0,0,45,35,381,4,0,4,97.1,73,181,31,17,17,0,0,0,0,0,0,0,0,23.3,291.9,2.1,0,1,65.2,81,88,207
208,Kalif Raymond,DET,WR,29,17,3,0,0,0,0,0,7,75,0,44,35,489,1,0,1,97.4,72,179,30,17,17,0,0,0,0,0,0,0,0,23.7,287,1.6,0,1,64.3,81,89,208
209,Miles Sanders,CAR,RB,26,16,5,0,0,0,0,0,129,432,1,41,27,154,0,2,1,87.6,52,192,27,17,12,0,0,0,0,0,106,380,2,16,101,0,1,2,74,81,57,209
210,Kenneth Gainwell,PHI,RB,24,16,2,1,1,17,0,0,84,364,2,37,30,183,0,1,2,97.4,49,180,25,13,12,0,0,0,0,0,62,246,2,17,118,0,1,2,64,81,61,210
211,Bucky Irving,TB,RB,21,0,0,0,0,0,0,0,0,0,0,0,0,0,0,0,0,0,0,0,22,17,12,0,0,0,0,0,97,367,3,15,121,1,1,3,80,80,53,211
212,Braelon Allen,NYJ,RB,19,0,0,0,0,0,0,0,0,0,0,0,0,0,0,0,0,0,0,0,20,17,12,0,0,0,0,0,100,397,3,11,86,1,1,4,80,79,54,212
213,Mike Gesicki,NWE,TE,28,17,10,0,0,0,0,0,0,0,0,45,29,244,2,0,2,65.4,37,232,29,17,17,0,0,0,0,0,0,0,0,36,357,3,0,3,91,78,27,213
214,Tyrone Tracy Jr.,NYG,RB,22,0,0,0,0,0,0,0,0,0,0,0,0,0,0,0,0,0,0,0,23,17,12,0,0,0,0,0,92,366,2,14,105,1,1,3,78,78,56,214
215,Clyde Edwards-Helaire,KAN,RB,24,15,3,0,0,0,0,0,70,223,1,22,17,188,1,0,2,70.1,58,223,25,17,12,0,0,0,0,0,76,298,2,19,165,1,1,3,84,77,52,215
216,D'Onta Foreman,CHI,RB,27,9,8,0,0,0,0,0,109,425,4,16,11,77,1,0,5,91.2,51,187,28,13,12,0,0,0,0,0,71,298,2,9,68,1,0,3,63,77,63,216
217,Ja'Tavion Sanders,CAR,TE,20,0,0,0,0,0,0,0,0,0,0,0,0,0,0,0,0,0,0,0,21,17,17,0,0,0,0,0,0,0,0,30,311,2,0,2,74,74,35,217
218,Dameon Pierce,HOU,RB,23,14,7,0,0,0,0,0,145,416,2,17,13,101,0,0,3,82.7,55,200,24,13,12,0,0,0,0,0,83,336,2,10,73,0,1,3,65,74,60,218
219,Noah Brown,HOU,WR,27,10,7,0,0,0,0,0,1,-1,0,55,33,567,2,0,2,101.6,69,172,28,17,17,0,0,0,0,0,0,0,0,15,213,1,0,1,45,73,92,219
220,Michael Mayer,LVR,TE,22,14,12,0,0,0,0,0,0,0,0,40,27,304,2,0,2,71.4,35,220,23,17,17,0,0,0,0,0,0,0,0,30,317,2,0,2,73,72,36,220
221,Kylen Granson,IND,TE,25,15,7,0,0,0,0,0,1,2,0,50,30,368,1,0,1,73,33,215,26,17,17,0,0,0,0,0,0,0,0,27,293,2,0,2,67,70,38,221
222,Jamaal Williams,NOR,RB,28,13,4,0,0,0,0,0,106,306,1,20,18,62,0,0,1,60.8,61,240,29,17,12,0,0,0,0,0,101,382,3,15,84,0,1,3,78,70,55,222
223,Colby Parkinson,SEA,TE,24,17,1,0,0,0,0,0,0,0,0,34,25,247,2,0,2,61.7,38,237,25,17,17,0,0,0,0,0,0,0,0,30,314,3,0,3,76,69,33,223
224,Kendre Miller,NOR,RB,21,8,0,0,0,0,0,0,41,156,1,11,10,117,0,0,1,43.3,70,279,22,17,12,0,0,0,0,0,83,343,3,20,165,1,1,4,90,67,49,224
225,Dawson Knox,BUF,TE,27,12,11,0,0,0,0,0,0,0,0,36,22,186,2,0,2,54.6,41,255,28,17,17,0,0,0,0,0,0,0,0,28,297,3,0,3,78,66,32,225
226,Keaton Mitchell,BAL,RB,21,8,2,0,0,0,0,0,47,396,2,11,9,93,0,0,2,69.9,59,224,22,13,12,0,0,0,0,0,63,298,2,11,85,0,1,2,61,65,65,226
227,Tanner Hudson,CIN,TE,29,12,1,0,0,0,0,0,0,0,0,50,39,352,1,0,1,80.2,27,202,30,17,17,0,0,0,0,0,0,0,0,20,196,2,0,2,49,65,41,227
228,Tommy Tremble,CAR,TE,23,16,8,0,0,0,0,0,0,0,0,32,23,194,3,0,3,60.4,40,243,24,17,17,0,0,0,0,0,0,0,0,28,261,3,0,3,68,64,37,228
229,Jaylen Wright,MIA,RB,20,0,0,0,0,0,0,0,0,0,0,0,0,0,0,0,0,0,0,0,21,13,12,0,0,0,0,0,58,267,2,12,96,1,1,3,64,64,62,229
230,Noah Gray,KAN,TE,24,17,10,0,0,0,0,0,1,1,0,41,28,305,2,0,2,70.6,36,222,25,17,17,0,0,0,0,0,0,0,0,23,237,2,0,2,57,64,40,230
231,Daniel Bellinger,NYG,TE,23,17,13,0,0,0,0,0,0,0,0,28,25,255,0,0,0,50.5,44,264,24,17,17,0,0,0,0,0,0,0,0,33,312,2,0,2,75,63,34,231
232,Emari Demercado,ARI,RB,24,14,2,0,0,0,0,0,58,284,2,30,21,119,0,0,2,73.3,57,214,25,10,12,0,0,0,0,0,32,142,1,16,107,0,1,2,50,61,69,232
233,Elijah Mitchell,SFO,RB,25,11,1,0,0,0,0,0,75,281,2,8,6,14,0,0,2,47.5,64,270,26,17,12,0,0,0,0,0,95,392,3,9,59,0,1,3,73,60,58,233
234,Jaheim Bell,NE,TE,22,0,0,0,0,0,0,0,0,0,0,0,0,0,0,0,0,0,0,0,23,17,17,0,0,0,0,0,0,0,0,23,253,2,0,2,60,60,39,234
235,Rondale Moore,ARI,WR,23,17,8,0,0,0,0,0,28,178,1,62,40,352,1,0,2,105,68,169,24,17,17,0,0,0,0,0,0,0,0,0,0,0,0,0,0,53,93,235
236,Carson Steele,KC,RB,20,0,0,0,0,0,0,0,0,0,0,0,0,0,0,0,0,0,0,0,21,10,12,0,0,0,0,0,43,160,1,13,111,0,0,2,49,49,70,236
237,Audric Estime,DEN,RB,19,0,0,0,0,0,0,0,0,0,0,0,0,0,0,0,0,0,0,0,20,10,12,0,0,0,0,0,57,240,2,9,64,0,1,2,49,49,71,237
238,Nick Mullens,MIN,QB,28,5,3,100,148,1306,7,8,10,25,0,0,0,0,0,0,0,66.7,41,230,29,2,0,54,83,496,3,2,6,18,0,0,0,0,0,3,30,48,34,238
239,Chase Edmonds,TAM,RB,27,13,0,0,0,0,0,0,49,176,0,17,14,81,0,0,0,39.7,74,284,28,13,12,0,0,0,0,0,55,199,1,14,95,0,0,1,51,45,68,239
240,Drew Lock,SEA,QB,27,4,2,48,76,543,3,3,5,14,0,0,0,0,0,0,0,29.1,48,293,28,2,0,47,74,505,3,2,8,25,0,0,0,0,1,3,34,31,33,240
241,Jarrett Stidham,DEN,QB,27,3,2,40,66,496,2,1,9,8,0,0,0,0,0,0,0,26.6,50,295,28,2,0,40,64,440,2,2,8,26,0,0,0,0,1,3,29,28,35,241